Dylan Thomas <Dylan.Thomas@OneASG.com>
Jordi Castells <jordi.kstells@gmail.com>
Ollie Tedder <otlg123@gmail.com>
Russ Webber <russ@rw.id.au>
Sebastian Norlin <sebastian.norlin@scionova.com>
Thomas Phillips <thomas.phillips.nz@gmail.com>
Thomas Phillips <thomas.phillips@oneasg.com>
Thomas Phillips <thomas@teknique.com>
Tomaž Šuštar <tomaz.sustar@hexagon.com>
Txinto Vaz <txinto@gatatac.org>
William Stevenson <will@brainwavebank.com>
kxtells <jordi.kstells@gmail.com>
